<?xml version="1.0" encoding="UTF-8"?>
<beans xmlns="http://www.springframework.org/schema/beans"
	xmlns:aop="http://www.springframework.org/schema/aop"
	xmlns:context="http://www.springframework.org/schema/context"
	xmlns:security="http://www.springframework.org/schema/security"
	xmlns:jpa="http://www.springframework.org/schema/data/jpa"
	xmlns:tx="http://www.springframework.org/schema/tx"
	xmlns:xsi="http://www.w3.org/2001/XMLSchema-instance"
	xsi:schemaLocation="
                http://www.springframework.org/schema/aop http://www.springframework.org/schema/aop/spring-aop-3.1.xsd
                http://www.springframework.org/schema/beans http://www.springframework.org/schema/beans/spring-beans-3.1.xsd
                http://www.springframework.org/schema/context http://www.springframework.org/schema/context/spring-context-3.1.xsd
                http://www.springframework.org/schema/tx http://www.springframework.org/schema/tx/spring-tx-3.1.xsd
				http://www.springframework.org/schema/data/jpa http://www.springframework.org/schema/data/jpa/spring-jpa.xsd">

	<tx:annotation-driven />
	<context:annotation-config />
	<jpa:repositories base-package="com.baesystems.webtestapplication.repository" />

	<bean class="com.baesystems.webtestapplication.service.ProjectService" />
	<bean class="com.baesystems.webtestapplication.service.ScriptService" />
	<bean class="com.baesystems.webtestapplication.service.ReportService" />
	
	<bean class="org.springframework.scheduling.concurrent.ThreadPoolTaskScheduler">
     	<property name="poolSize" value="10" />
     	<property name="waitForTasksToCompleteOnShutdown" value="true" />
     	<property name="rejectedExecutionHandler">
            <bean class="java.util.concurrent.ThreadPoolExecutor$CallerRunsPolicy"/>
        </property>
    </bean>

	<bean id="dataSource" class="org.springframework.jndi.JndiObjectFactoryBean">
		<property name="jndiName" value="java:comp/env/jdbc/WebtestApplication" />
	</bean>

	<!-- 
	<bean id="dataSource"
		class="org.springframework.jdbc.datasource.DriverManagerDataSource">
		<property name="driverClassName">
			<value>org.hsqldb.jdbcDriver</value>
		</property>
		<property name="url">
			<value>jdbc:hsqldb:hsql://localhost/webtest</value>
		</property>
		<property name="username">
			<value>sa</value>
		</property>
		<property name="password">
			<value></value>
		</property>
	</bean>
	-->

	<bean id="entityManagerFactory"
		class="org.springframework.orm.jpa.LocalContainerEntityManagerFactoryBean">
		<property name="dataSource" ref="dataSource" />
		<property name="persistenceUnitName" value="jpaData" />
		<property name="jpaVendorAdapter">
			<bean class="org.springframework.orm.jpa.vendor.HibernateJpaVendorAdapter" />
		</property>
		<property name="jpaProperties">
			<props>
				<prop key="hibernate.dialect">org.hibernate.dialect.HSQLDialect</prop>
				<prop key="hibernate.show_sql">true</prop>
				<prop key="hibernate.format_sql">false</prop>
				<prop key="hibernate.hbm2ddl.auto">update</prop>
			</props>
		</property>
	</bean>

	<bean id="transactionManager" class="org.springframework.orm.jpa.JpaTransactionManager">
		<property name="entityManagerFactory" ref="entityManagerFactory" />
	</bean>
</beans>